Detector,TP,FP,TN,FN,Precision,Recall,F1,Accuracy,Avg Time (ms),Avg Cost (USD),Total Cost (USD),Projected Time 50k (min),Projected Cost 50k (USD)
presidio_lax,21,199,28,2,0.095,0.913,0.173,0.196,27.6,0.000000,0.0000,23.0,0.00
presidio_moderate,23,201,26,0,0.103,1.000,0.186,0.196,23.6,0.000000,0.0000,19.7,0.00
presidio_strict,23,201,26,0,0.103,1.000,0.186,0.196,24.9,0.000000,0.0000,20.7,0.00
haiku_zeroshot,20,32,195,3,0.385,0.870,0.533,0.860,1404.5,0.000568,0.1420,1170.4,28.40
haiku_5shot,20,47,180,3,0.299,0.870,0.444,0.800,1308.5,0.002657,0.6642,1090.4,132.84
sonnet_zeroshot,22,69,158,1,0.242,0.957,0.386,0.720,2397.6,0.002130,0.5324,1998.0,106.48
sonnet_5shot,18,39,188,5,0.316,0.783,0.450,0.824,2528.0,0.009963,2.4907,2106.7,498.14
